{
    "best_params": {
        "C": 1.0,
        "penalty": "l2",
        "solver": "saga"
    },
    "accuracy": 0.8695652173913043,
    "precision": 0.8350515463917526,
    "recall": 0.8804347826086957,
    "f1_score": 0.8571428571428571,
    "roc_auc": 0.948109640831758,
    "confusion_matrix": [
        [
            99,
            16
        ],
        [
            11,
            81
        ]
    ],
    "roc_curve": {
        "fpr": [
            0.0,
            0.0,
            0.0,
            0.008695652173913044,
            0.008695652173913044,
            0.02608695652173913,
            0.02608695652173913,
            0.034782608695652174,
            0.034782608695652174,
            0.043478260869565216,
            0.043478260869565216,
            0.06086956521739131,
            0.06086956521739131,
            0.06956521739130435,
            0.06956521739130435,
            0.0782608695652174,
            0.0782608695652174,
            0.10434782608695652,
            0.10434782608695652,
            0.12173913043478261,
            0.12173913043478261,
            0.1391304347826087,
            0.1391304347826087,
            0.1565217391304348,
            0.1565217391304348,
            0.16521739130434782,
            0.16521739130434782,
            0.20869565217391303,
            0.20869565217391303,
            1.0,
            1.0
        ],
        "tpr": [
            0.0,
            0.010869565217391304,
            0.25,
            0.25,
            0.30434782608695654,
            0.30434782608695654,
            0.5108695652173914,
            0.5108695652173914,
            0.5978260869565217,
            0.5978260869565217,
            0.6956521739130435,
            0.6956521739130435,
            0.7065217391304348,
            0.7065217391304348,
            0.717391304347826,
            0.717391304347826,
            0.7282608695652174,
            0.7282608695652174,
            0.8152173913043478,
            0.8152173913043478,
            0.8369565217391305,
            0.8369565217391305,
            0.9347826086956522,
            0.9347826086956522,
            0.9456521739130435,
            0.9456521739130435,
            0.9891304347826086,
            0.9891304347826086,
            1.0,
            1.0,
            1.0
        ]
    },
    "class_distribution": {
        "approved": 307,
        "denied": 383
    },
    "dataset_size": 690,
    "train_size": 483,
    "test_size": 207
}